Edad;Género;Estado_civil;Dependientes;Ingreso_mensual;Estabilidad_laboral;Numero_de_prestamos;Monto_total_de_prestamos;Historial_de_pagos;Monto_en_mora;Tiempo_en_mora_promedio;Relacion_con_entidades;Monto_solicitado;Plazo_solicitado;Tasa_de_interes;Tipo_de_credito;Relacion_ingreso_deuda;Activos_totales;Pasivos_totales;Relacion_deuda_ingreso;Credito_utilizado;Puntaje_crediticio;Tasa_de_desempleo;Inflacion;Riesgo_sectorial
48;Femenino;Otro;1;9043,260397;26;0; $35.707,89 ;0,62;2508,24;103;9; $39.481,89 ;1;15;Otro;0,82; $99.061,31 ; $36.479,58 ;92,64;0,016890154;558;0,177537255;0,032;0,01
32;Otro;Divorciado;4;4609,389223;30;9; $14.005,26 ;0,55;0,00;26;24; $7.444,95 ;3;17;Otro;0,92; $93.572,97 ; $39.057,09 ;80,99;0,558047874;779;0,187751261;0,030;0,41
68;Otro;Divorciado;4;5027,874487;10;4; $33.675,68 ;0,39;1737,86;53;15; $25.232,04 ;5;17;Consumo;0,60; $93.902,99 ; $26.003,81 ;17,51;0,570173282;310;0,002725633;0,022;0,60
31;Otro;Otro;0;9422,011739;27;5; $14.851,97 ;0,42;5983,04;71;24; $26.735,32 ;7;17;Hipotecario;0,31; $40.748,21 ; $23.632,00 ;6,91;0,723336039;656;0,083161606;0,025;0,23
20;Masculino;Otro;4;7149,989776;32;4; $28.552,29 ;0,90;6915,83;94;23; $44.420,33 ;3;16;Microcrédito;0,78; $77.218,03 ; $38.263,91 ;55,32;0,853891332;584;0,020288934;0,029;0,14
59;Masculino;Otro;0;1163,468171;31;0; $2.735,31 ;0,67;9229,36;105;19; $18.722,51 ;6;15;Microcrédito;0,76; $38.821,53 ; $21.468,05 ;49,58;0,926290114;768;0,092949166;0,019;0,83
67;Otro;Soltero;1;2489,740459;22;9; $17.380,42 ;0,95;6899,75;56;25; $23.848,37 ;3;16;Hipotecario;0,87; $3.262,79 ; $35.504,48 ;82,67;0,437026362;442;0,143907401;0,085;0,82
71;Femenino;Soltero;0;5462,51049;20;4; $24.883,95 ;0,15;2736,59;65;2; $22.563,81 ;1;14;Consumo;0,44; $39.621,43 ; $49.558,70 ;58,49;0,058663622;701;0,09240421;0,060;0,33
60;Otro;Otro;0;4838,817052;38;10; $26.584,45 ;0,56;109,45;167;3; $35.955,22 ;5;17;Hipotecario;0,84; $95.892,35 ; $29.400,52 ;67,66;0,278569781;353;0,036241087;0,086;0,01
54;Femenino;Casado;1;9928,478086;36;10; $40.788,42 ;0,10;432,20;98;6; $3.508,11 ;6;16;Consumo;0,64; $52.233,08 ; $43.076,34 ;22,16;0,653708922;333;0,115577532;0,053;0,22
69;Masculino;Otro;3;9000,551115;31;7; $25.516,32 ;0,62;1678,98;106;9; $35.364,57 ;4;17;Otro;0,38; $67.379,27 ; $44.281,70 ;32,22;0,945395365;722;0,058103434;0,094;0,45
31;Femenino;Divorciado;5;4111,798341;39;7; $42.447,29 ;0,26;8526,41;45;19; $33.510,34 ;6;13;Otro;0,12; $1.020,67 ; $27.586,20 ;50,49;0,439106882;328;0,146541622;0,091;0,53
71;Femenino;Divorciado;4;7352,597125;14;0; $29.709,64 ;0,48;459,13;70;16; $33.529,45 ;7;15;Microcrédito;0,54; $50.559,66 ; $29.316,96 ;94,34;0,972570861;673;0,183370959;0,048;0,15
42;Femenino;Casado;1;9178,522184;31;6; $26.894,76 ;0,48;2713,88;116;20; $25.495,28 ;5;14;Hipotecario;0,66; $75.279,04 ; $11.616,46 ;23,54;0,612287485;494;0,05177847;0,016;0,55
43;Masculino;Otro;1;7086,635985;6;2; $31.352,02 ;0,83;8889,43;66;10; $14.491,29 ;3;17;Microcrédito;0,06; $45.170,70 ; $26.950,87 ;27,00;0,552596939;663;0,109273906;0,022;0,87
44;Masculino;Soltero;1;6751,902441;13;9; $14.598,69 ;0,90;5478,93;84;13; $19.286,21 ;6;15;Hipotecario;0,90; $76.461,66 ; $44.041,34 ;58,70;0,151102294;830;0,152995089;0,075;0,95
22;Masculino;Divorciado;5;2346,440743;24;3; $28.361,96 ;0,58;8048,18;32;2; $6.169,29 ;7;14;Hipotecario;0,19; $56.258,24 ; $21.916,44 ;7,14;0,423056503;675;0,103614606;0,093;0,23
68;Otro;Soltero;5;6410,12851;2;6; $49.975,00 ;0,94;9571,97;87;19; $13.493,14 ;2;15;Hipotecario;0,96; $73.540,57 ; $8.775,02 ;3,71;0,518150158;386;0,043737584;0,026;0,21
44;Otro;Otro;3;3454,761123;22;6; $46.022,70 ;0,29;6897,44;168;13; $3.269,83 ;6;12;Consumo;0,09; $73.032,91 ; $9.789,91 ;74,17;0,614409676;687;0,0806003;0,006;0,83
74;Masculino;Otro;4;5120,680339;10;6; $38.467,16 ;0,63;0,00;2;16; $24.010,79 ;5;12;Otro;0,12; $34.049,02 ; $24.041,63 ;61,20;0,124329274;920;0,112008337;0,064;0,90
45;Masculino;Soltero;1;3000,277839;30;5; $42.186,64 ;0,62;9710,41;69;4; $16.880,33 ;1;15;Hipotecario;0,45; $69.749,22 ; $16.484,10 ;75,30;0,36972534;304;0,011006623;0,044;0,32
74;Otro;Divorciado;2;3294,293652;2;8; $46.113,99 ;0,65;9393,76;45;2; $11.289,38 ;2;12;Microcrédito;0,70; $53.955,33 ; $40.152,77 ;26,23;0,745277869;687;0,153204583;0,003;0,63
26;Masculino;Casado;5;6883,189545;7;3; $30.039,51 ;0,23;5182,82;104;13; $37.878,93 ;4;13;Microcrédito;0,38; $87.891,86 ; $3.513,62 ;80,53;0,19042823;484;0,00600299;0,073;0,55
46;Otro;Divorciado;0;5247,93845;26;8; $18.390,10 ;0,40;1362,90;12;16; $12.949,90 ;5;13;Consumo;0,31; $7.565,60 ; $17.021,09 ;82,62;0,172025894;427;0,026229753;0,021;0,22
52;Femenino;Divorciado;5;2448,667321;26;2; $37.350,18 ;0,17;6267,36;117;10; $20.871,37 ;5;17;Consumo;0,70; $37.663,70 ; $19.791,11 ;18,49;0,057300476;591;0,082761124;0,012;0,93
25;Masculino;Otro;3;3448,723011;24;2; $24.243,04 ;0,52;8226,50;10;0; $35.466,48 ;4;12;Consumo;0,70; $64.049,43 ; $17.836,56 ;2,42;0,525334648;604;0,122385265;0,090;0,74
43;Masculino;Divorciado;2;7416,604837;27;7; $240,54 ;0,58;1362,65;52;8; $6.606,59 ;1;17;Microcrédito;0,74; $2.532,32 ; $34.392,04 ;33,96;0,327837748;737;0,127721472;0,006;0,25
24;Otro;Casado;5;6520,18287;27;8; $33.657,12 ;0,08;5974,68;56;2; $7.603,05 ;7;15;Hipotecario;0,43; $20.694,84 ; $33.507,17 ;51,70;0,016700377;572;0,128747532;0,081;0,44
59;Femenino;Soltero;2;2189,097696;12;0; $20.182,38 ;0,73;9829,64;80;19; $49.239,36 ;2;13;Hipotecario;0,21; $63.380,51 ; $9.381,75 ;99,50;0,74710789;362;0,018718757;0,069;0,97
26;Otro;Divorciado;2;1630,065279;14;10; $47.659,10 ;0,61;2306,31;79;11; $48.861,87 ;6;13;Hipotecario;0,40; $90.606,27 ; $27.773,05 ;41,26;0,62815352;813;0,08418307;0,053;0,75
36;Femenino;Otro;5;9696,385117;40;3; $6.718,57 ;0,67;4173,70;179;21; $38.174,50 ;2;12;Otro;0,28; $49.589,58 ; $20.970,24 ;40,47;0,971352505;646;0,007064073;0,095;0,84
53;Masculino;Otro;1;4314,432502;30;9; $18.886,00 ;0,30;1002,71;110;11; $2.472,91 ;4;14;Microcrédito;0,75; $17.726,88 ; $20.079,13 ;82,65;0,866009246;303;0,063306132;0,046;0,89
31;Femenino;Divorciado;3;7097,086762;37;0; $44.992,85 ;0,36;0,00;57;15; $48.736,28 ;6;15;Otro;0,55; $75.468,29 ; $28.885,54 ;83,81;0,471025072;850;0,179787092;0,024;0,90
34;Otro;Casado;3;8613,565573;12;9; $40.167,05 ;0,63;0,00;5;8; $38.253,25 ;6;16;Consumo;0,77; $1.974,30 ; $20.853,91 ;5,71;0,778210299;920;0,047847968;0,030;0,86
60;Femenino;Casado;1;3174,853468;40;4; $25.321,37 ;0,96;0,00;6;8; $44.484,66 ;5;12;Hipotecario;0,51; $61.984,48 ; $2.618,54 ;45,87;0,763211929;917;0,138784401;0,025;0,01
56;Otro;Otro;2;1316,358919;10;10; $904,69 ;0,36;6007,02;121;14; $11.875,70 ;2;17;Microcrédito;0,61; $56.854,03 ; $29.952,70 ;29,16;0,853983663;579;0,178494757;0,046;0,83
70;Otro;Otro;0;6357,162131;21;8; $12.513,66 ;0,20;9870,98;162;13; $14.253,24 ;3;15;Otro;0,66; $15.136,77 ; $14.317,62 ;31,01;0,759248481;545;0,137026145;0,017;0,43
29;Masculino;Otro;3;8525,720152;23;4; $15.299,41 ;0,25;6092,81;152;2; $30.755,50 ;1;16;Consumo;0,68; $5.149,20 ; $33.982,65 ;76,17;0,087558683;521;0,021820458;0,024;0,14
32;Femenino;Casado;0;4260,242892;11;7; $33.086,20 ;0,49;1457,37;16;7; $17.669,73 ;4;17;Hipotecario;0,13; $4.190,34 ; $18.166,99 ;1,44;0,683760931;472;0,164090792;0,093;0,07
49;Masculino;Otro;0;3989,6968;25;3; $4.908,85 ;0,41;7043,16;54;15; $38.091,50 ;2;12;Consumo;0,65; $17.674,36 ; $45.110,62 ;73,00;0,432779792;679;0,1400025;0,027;0,06
59;Femenino;Divorciado;3;6802,626977;19;1; $48.264,52 ;0,33;6791,80;96;0; $4.667,03 ;3;15;Otro;0,25; $24.487,43 ; $42.706,35 ;12,81;0,50040222;362;0,142092993;0,024;0,78
62;Femenino;Divorciado;2;9627,536231;35;0; $43.361,18 ;0,36;3225,84;68;25; $44.640,82 ;3;13;Otro;0,61; $78.931,08 ; $16.876,16 ;63,92;0,472215829;355;0,090327899;0,096;0,69
24;Femenino;Casado;4;6365,832656;27;2; $14.243,13 ;0,68;4233,16;152;10; $38.754,19 ;5;16;Consumo;0,71; $17.362,53 ; $47.100,03 ;4,49;0,517615395;484;0,029119548;0,020;0,89
26;Femenino;Soltero;1;5592,520162;15;10; $21.734,36 ;0,86;3044,64;155;0; $44.252,22 ;5;17;Otro;0,54; $96.941,96 ; $45.301,18 ;61,35;0,764297727;497;0,022735222;0,079;0,10
58;Masculino;Otro;4;2397,377223;1;6; $17.047,45 ;0,47;8328,19;123;14; $47.441,01 ;4;14;Microcrédito;0,75; $49.123,53 ; $1.338,64 ;12,12;0,658415667;440;0,178875709;0,021;0,27
27;Femenino;Otro;5;8612,65905;36;10; $17.406,50 ;0,58;5936,48;90;6; $16.876,25 ;2;16;Otro;0,82; $39.639,94 ; $3.571,55 ;4,76;0,433377443;312;0,038903513;0,100;0,39
40;Masculino;Soltero;5;2929,423831;18;7; $15.208,66 ;0,50;8071,97;144;21; $9.754,33 ;5;15;Consumo;0,44; $50.985,96 ; $35.262,75 ;72,03;0,416760247;308;0,020147517;0,028;0,30
44;Femenino;Soltero;1;7028,859203;12;4; $45.725,80 ;0,67;2940,51;8;22; $8.342,65 ;5;17;Hipotecario;0,76; $83.438,80 ; $12.971,78 ;80,26;0,419458519;814;0,034874092;0,082;0,77
70;Masculino;Casado;3;6559,808061;38;1; $14.178,94 ;0,69;1410,85;47;10; $6.617,53 ;4;16;Microcrédito;0,93; $5.609,97 ; $9.134,84 ;76,61;0,146671641;641;0,063223152;0,028;0,05
24;Otro;Soltero;1;1449,997993;29;8; $43.392,37 ;0,11;8886,21;36;4; $24.092,64 ;4;14;Otro;0,79; $8.419,99 ; $4.402,17 ;58,54;0,953338973;662;0,134836017;0,043;0,96
70;Femenino;Casado;1;9544,58898;4;9; $40.834,56 ;0,11;82,85;147;23; $40.753,45 ;1;15;Otro;0,96; $93.264,85 ; $38.092,47 ;47,88;0,241680877;710;0,126131528;0,073;0,79
44;Masculino;Casado;3;6242,968285;6;4; $9.229,36 ;0,93;5691,21;152;15; $43.470,38 ;1;13;Microcrédito;0,87; $95.822,96 ; $31.075,36 ;3,48;0,862349283;640;0,078264951;0,064;0,68
49;Otro;Divorciado;3;8748,589033;15;5; $11.361,32 ;0,42;0,00;10;25; $4.170,26 ;4;17;Consumo;0,23; $39.667,92 ; $18.080,36 ;24,02;0,865194714;920;0,122128843;0,062;0,93
55;Femenino;Divorciado;0;5666,205244;18;9; $33.281,29 ;0,56;0,00;5;16; $36.865,87 ;6;14;Hipotecario;0,71; $49.797,05 ; $33.153,59 ;43,11;0,039506263;915;0,177188922;0,059;0,42
42;Otro;Divorciado;2;3395,147351;37;5; $23.403,96 ;0,96;0,00;12;16; $48.660,96 ;2;17;Otro;0,80; $40.045,92 ; $36.439,75 ;68,35;0,32645325;895;0,144436376;0,068;0,04
51;Femenino;Otro;0;6376,398971;25;6; $5.482,00 ;0,20;353,89;114;25; $16.244,74 ;2;17;Consumo;0,44; $21.773,07 ; $4.298,27 ;82,99;0,350262897;732;0,098702281;0,090;0,85
46;Otro;Divorciado;2;8160,184758;37;10; $7.282,41 ;0,22;2579,76;135;7; $36.102,87 ;3;14;Microcrédito;0,84; $74.864,72 ; $5.631,68 ;15,81;0,405378447;617;0,161929176;0,026;0,03
22;Otro;Casado;2;7203,574338;9;3; $15.858,72 ;0,62;2598,91;91;2; $30.164,89 ;4;16;Hipotecario;0,14; $65.451,68 ; $25.954,39 ;75,92;0,160560177;427;0,061194976;0,037;0,07
25;Masculino;Casado;5;5325,684801;39;5; $30.360,15 ;0,83;9481,88;66;19; $3.115,93 ;1;12;Hipotecario;0,52; $52.045,28 ; $47.210,99 ;43,23;0,943869043;603;0,041812853;0,077;0,87
29;Femenino;Casado;2;5193,364499;9;5; $47.350,76 ;0,81;9796,23;56;7; $23.007,71 ;6;13;Hipotecario;0,31; $20.918,60 ; $9.019,68 ;26,39;0,998518661;445;0,058967209;0,098;0,29
30;Otro;Divorciado;5;6565,711017;37;10; $21.129,31 ;0,15;0,00;6;20; $32.295,07 ;1;16;Hipotecario;0,55; $73.635,46 ; $28.305,21 ;42,09;0,703363261;925;0,019794575;0,000;0,91
35;Masculino;Divorciado;4;5043,434629;26;8; $46.324,43 ;0,08;0,00;6;13; $40.233,08 ;2;15;Consumo;0,19; $52.006,75 ; $34.464,57 ;81,80;0,310534975;928;0,037923721;0,024;0,18
50;Masculino;Divorciado;1;6424,367794;28;2; $4.982,05 ;0,78;0,00;7;15; $27.552,33 ;7;13;Hipotecario;0,97; $16.700,85 ; $41,31 ;95,73;0,256406535;926;0,024291444;0,087;0,64
74;Otro;Soltero;5;1041,480767;29;4; $43.314,45 ;0,95;2015,78;117;15; $44.209,16 ;4;14;Hipotecario;0,38; $54.053,12 ; $2.999,16 ;34,57;0,874523928;530;0,095073005;0,044;0,55
44;Femenino;Divorciado;0;9954,950613;22;9; $13.024,41 ;0,62;7665,86;73;2; $1.332,50 ;7;13;Otro;0,81; $37.776,61 ; $31.616,28 ;81,92;0,912279019;719;0,143435909;0,058;0,60
42;Otro;Soltero;4;4658,162036;20;4; $14.201,62 ;0,44;7431,05;105;13; $22.894,42 ;5;17;Otro;0,30; $87.882,31 ; $40.320,15 ;64,88;0,538347428;601;0,040084231;0,045;0,30
55;Femenino;Divorciado;2;2061,564734;1;8; $8.292,90 ;0,66;4984,61;125;25; $24.681,99 ;1;17;Otro;0,53; $86.972,52 ; $49.640,86 ;20,29;0,597755909;502;0,06435405;0,034;0,27
38;Femenino;Casado;2;8825,851858;22;5; $1.497,83 ;0,87;6705,00;160;16; $39.870,23 ;7;13;Hipotecario;0,42; $28.549,60 ; $24.114,48 ;82,34;0,54333142;799;0,095722617;0,041;0,15
32;Femenino;Otro;5;5861,736609;18;0; $4.905,93 ;0,50;7524,63;171;16; $14.647,20 ;3;13;Otro;0,72; $30.015,89 ; $47.600,67 ;73,77;0,616210961;645;0,132032901;0,068;0,63
58;Masculino;Otro;2;8934,379011;18;2; $5.992,89 ;0,53;7738,63;76;12; $29.936,96 ;5;15;Microcrédito;0,15; $35.370,37 ; $7.505,72 ;65,19;0,689783565;523;0,131786303;0,096;0,17
64;Femenino;Soltero;2;1337,858551;12;7; $9.707,51 ;0,77;0,00;15;19; $10.185,52 ;4;16;Hipotecario;0,37; $46.311,84 ; $47.893,26 ;22,30;0,791991529;902;0,176318357;0,011;0,33
43;Masculino;Soltero;5;8932,905659;32;1; $41.479,63 ;0,37;0,00;12;1; $40.556,81 ;4;12;Microcrédito;0,27; $54.933,98 ; $23.347,84 ;25,70;0,443285874;918;0,007315938;0,026;0,32
48;Masculino;Soltero;0;7501,147028;37;2; $765,71 ;0,94;0,00;10;15; $30.122,53 ;2;17;Otro;0,81; $47.874,07 ; $8.156,32 ;39,72;0,497149774;925;0,050175307;0,026;0,98
33;Masculino;Divorciado;2;7928,292669;36;9; $19.284,55 ;0,03;0,00;5;13; $14.344,67 ;6;14;Otro;0,64; $81.524,04 ; $19.762,39 ;79,39;0,797559866;924;0,066004441;0,072;0,43
69;Femenino;Otro;2;8772,343381;6;0; $45.717,80 ;0,34;0,00;5;4; $40.326,66 ;4;13;Consumo;0,77; $18.194,31 ; $40.749,31 ;72,87;0,480840909;936;0,164487747;0,054;0,33
47;Femenino;Soltero;5;5506,678929;25;6; $764,28 ;0,14;0,00;5;8; $30.640,43 ;1;14;Microcrédito;0,58; $97.099,33 ; $17.887,84 ;93,02;0,712200173;938;0,124423246;0,005;0,79
23;Otro;Casado;1;9332,776219;16;2; $15.482,55 ;0,34;0,00;4;23; $47.937,93 ;2;14;Otro;1,00; $63.704,50 ; $49.083,42 ;0,86;0,621277483;928;0,051899684;0,006;0,00
60;Otro;Otro;4;2872,672033;36;4; $21.425,13 ;0,48;4805,09;178;20; $9.751,85 ;6;12;Microcrédito;0,34; $94.319,65 ; $3.357,56 ;17,64;0,045985033;843;0,097676144;0,014;0,38
25;Masculino;Soltero;4;1243,950344;36;7; $28.106,55 ;0,76;9238,93;179;17; $1.207,66 ;4;16;Hipotecario;0,38; $52.041,70 ; $33.728,65 ;61,89;0,365898741;682;0,146264251;0,048;0,69
39;Femenino;Divorciado;1;3842,137649;31;10; $46.038,27 ;0,80;2406,73;58;9; $19.216,29 ;7;15;Hipotecario;0,84; $83.153,66 ; $13.960,16 ;42,77;0,289237954;410;0,02260444;0,079;0,78
39;Femenino;Otro;4;6941,010247;39;8; $25.846,12 ;0,42;7764,82;31;19; $38.800,76 ;2;16;Hipotecario;0,38; $97.106,48 ; $14.277,60 ;29,75;0,341820167;716;0,102718233;0,049;0,10
56;Otro;Divorciado;1;3832,221707;32;0; $37.002,00 ;0,03;7519,88;67;17; $29.083,27 ;6;16;Hipotecario;0,05; $2.851,53 ; $21.559,85 ;84,22;0,300364269;726;0,131315604;0,015;0,93
48;Otro;Otro;2;9500,15249;35;0; $30.892,31 ;0,94;6764,82;97;1; $9.352,51 ;2;17;Hipotecario;0,03; $17.570,17 ; $39.110,89 ;25,11;0,827317734;515;0,039508081;0,039;0,79
65;Otro;Divorciado;0;8010,735219;3;0; $10.287,48 ;0,92;5517,19;146;3; $5.380,38 ;4;16;Otro;0,69; $82.826,33 ; $3.450,19 ;19,71;0,306391705;469;0,097383877;0,051;0,44
34;Otro;Otro;2;4054,881216;39;4; $25.434,45 ;0,61;5978,61;126;8; $43.935,12 ;4;15;Consumo;0,85; $62.406,21 ; $42.450,28 ;3,49;0,764445495;477;0,165679436;0,010;0,06
71;Femenino;Casado;5;5334,816382;27;7; $3.053,12 ;0,92;8664,38;162;14; $8.134,28 ;5;17;Otro;0,94; $77.440,13 ; $30.940,59 ;4,28;0,856626487;462;0,171846354;0,019;0,72
67;Masculino;Otro;5;4743,953189;20;4; $38.725,11 ;0,63;4953,41;130;1; $32.128,56 ;6;15;Otro;0,50; $76.667,96 ; $11.709,65 ;54,91;0,524998494;707;0,153007704;0,088;0,40
66;Masculino;Divorciado;2;7987,005095;22;3; $10.212,34 ;0,13;9802,29;46;3; $22.865,65 ;2;16;Consumo;0,34; $24.265,20 ; $45.757,10 ;31,04;0,931496159;583;0,129565627;0,035;0,55
51;Otro;Casado;4;5368,843053;35;3; $42.853,68 ;0,14;693,75;56;11; $46.362,49 ;2;13;Consumo;0,14; $23.916,43 ; $38.939,12 ;17,53;0,843681329;827;0,038506253;0,007;0,65
21;Masculino;Soltero;4;1137,691937;17;4; $25.688,59 ;0,68;5559,29;134;17; $30.983,09 ;6;13;Hipotecario;0,65; $28.606,06 ; $39.145,92 ;85,69;0,178316213;420;0,038602112;0,015;0,68
30;Femenino;Divorciado;1;6782,061656;27;7; $12.581,07 ;0,92;0,00;18;10; $4.384,38 ;6;12;Microcrédito;0,21; $7.648,04 ; $11.872,15 ;95,25;0,04929077;929;0,103007455;0,007;0,42
22;Femenino;Otro;3;3113,469864;30;8; $40.637,47 ;0,15;0,00;5;25; $26.323,61 ;4;13;Microcrédito;0,29; $8.547,61 ; $10.614,03 ;8,66;0,705896268;945;0,15106883;0,048;0,83
71;Otro;Casado;2;7723,232948;11;1; $3.350,13 ;0,88;0,00;16;6; $34.788,92 ;5;14;Microcrédito;0,46; $56.695,64 ; $44.740,10 ;61,47;0,058227596;900;0,198834423;0,028;0,03
68;Femenino;Casado;4;3660,466371;10;7; $1.309,67 ;0,45;2051,07;30;3; $24.760,36 ;1;16;Otro;0,49; $49.499,46 ; $12.781,67 ;40,19;0,121047191;567;0,070364071;0,054;0,99
42;Masculino;Soltero;0;9155,963724;23;2; $29.812,82 ;0,05;5827,19;26;9; $31.187,13 ;7;12;Hipotecario;0,31; $27.538,46 ; $34.487,05 ;16,97;0,444968951;743;0,045213358;0,094;0,08
69;Otro;Casado;0;8679,916162;29;2; $42.344,69 ;0,82;3962,62;132;22; $24.477,16 ;5;13;Consumo;0,79; $53.610,67 ; $16.035,89 ;83,20;0,288736256;489;0,142863502;0,035;0,33
39;Masculino;Soltero;4;5157,673993;10;4; $22.619,96 ;0,97;0,00;18;11; $42.779,80 ;3;16;Hipotecario;0,26; $51.400,69 ; $34.332,02 ;66,79;0,420726558;920;0,086759598;0,054;0,20
42;Masculino;Casado;2;1642,134235;23;7; $25.108,87 ;0,81;4722,55;98;15; $14.115,26 ;1;13;Hipotecario;0,18; $3.975,38 ; $36.385,36 ;51,87;0,617326061;378;0,18443204;0,002;0,85
49;Otro;Divorciado;1;6200,23352;16;4; $10.482,98 ;0,30;7432,49;127;1; $21.021,01 ;1;15;Hipotecario;0,09; $42.756,97 ; $29.170,07 ;52,67;0,843853914;438;0,183935128;0,060;0,95
63;Femenino;Divorciado;5;6216,214006;22;6; $35.779,31 ;0,20;9768,04;117;17; $40.181,23 ;2;13;Hipotecario;0,29; $5.690,04 ; $24.211,90 ;71,46;0,425076671;547;0,07552656;0,033;0,12
42;Masculino;Casado;4;9942,190992;33;9; $26.819,00 ;0,20;0,00;18;11; $43.810,89 ;4;15;Hipotecario;0,22; $38.679,25 ; $3.178,52 ;86,64;0,341026325;915;0,026540888;0,041;0,45
40;Masculino;Casado;5;4017,46973;9;8; $2.456,97 ;0,35;1294,26;51;5; $27.405,88 ;3;16;Microcrédito;0,70; $56.925,79 ; $8.615,75 ;94,78;0,248109722;327;0,151730639;0,002;0,47
52;Femenino;Otro;3;7001,215968;3;7; $41.135,74 ;0,22;0,00;12;9; $17.080,53 ;6;12;Hipotecario;0,52; $13.365,54 ; $41.910,60 ;89,54;0,068482032;920;0,198270679;0,061;0,90
57;Femenino;Otro;0;9447,004018;5;9; $12.624,82 ;0,16;0,00;13;16; $29.336,17 ;5;15;Consumo;0,66; $15.223,76 ; $3.263,44 ;81,61;0,104295629;919;0,008620674;0,022;0,11
65;Femenino;Soltero;4;6173,711515;9;5; $26.072,45 ;0,09;0,00;15;7; $17.359,89 ;4;15;Otro;0,16; $30.066,53 ; $48.162,36 ;15,21;0,587290257;928;0,050457916;0,074;0,57
47;Femenino;Otro;4;7225,402725;18;5; $16.349,61 ;0,63;0,00;10;23; $8.766,29 ;3;15;Microcrédito;0,79; $38.238,75 ; $35.601,03 ;72,28;0,377608981;929;0,000760275;0,066;0,90
29;Masculino;Casado;0;1807,827284;37;3; $5.518,44 ;0,78;0,00;6;6; $25.996,07 ;7;17;Otro;0,20; $19.946,85 ; $20.736,78 ;64,42;0,180701546;935;0,060206574;0,076;0,31
48;Otro;Divorciado;0;8798,133202;40;8; $42.586,61 ;0,06;0,00;0;13; $2.787,18 ;1;12;Microcrédito;0,89; $84.320,48 ; $7.412,56 ;68,83;0,52093407;948;0,007326979;0,028;0,32
74;Otro;Casado;4;5510,254571;27;8; $31.232,00 ;0,08;0,00;0;10; $7.981,42 ;4;14;Otro;0,09; $31.048,59 ; $26.530,76 ;18,49;0,820557612;945;0,096924617;0,091;0,87
63;Femenino;Divorciado;5;3009,306557;8;4; $42.403,30 ;0,00;0,00;0;25; $9.424,44 ;4;16;Consumo;0,78; $33.508,63 ; $34.520,49 ;12,33;0,713021643;948;0,109559308;0,012;0,33
47;Otro;Soltero;5;4711,773175;6;0; $6.300,59 ;0,14;0,00;0;23; $16.875,48 ;1;16;Microcrédito;0,09; $68.332,12 ; $24.005,18 ;56,72;0,072453431;949;0,171748039;0,022;0,13
52;Otro;Otro;5;8976,756516;23;8; $33.412,58 ;0,93;0,00;0;9; $18.325,07 ;4;13;Otro;0,14; $55.055,53 ; $26.456,26 ;79,93;0,190564815;950;0,000988143;0,078;0,36
31;Otro;Casado;3;5460,340935;17;9; $30.396,65 ;0,16;4626,04;128;18; $43.458,56 ;3;16;Consumo;0,20; $12.080,88 ; $20.767,36 ;84,22;0,021866763;690;0,19987859;0,044;0,93
46;Femenino;Divorciado;5;7054,78355;23;7; $47.283,32 ;0,99;5505,45;80;14; $18.465,53 ;3;12;Microcrédito;0,56; $73.097,72 ; $38.239,12 ;70,61;0,721316192;463;0,00085034;0,007;0,88
49;Otro;Soltero;5;3542,539942;7;4; $29.031,22 ;0,70;6227,18;5;10; $47.585,05 ;4;13;Otro;0,66; $40.434,98 ; $13.244,18 ;88,70;0,423082337;738;0,137112765;0,066;0,82
24;Otro;Otro;5;8353,524726;15;10; $15.156,64 ;0,32;4828,93;166;13; $24.638,70 ;1;15;Consumo;0,34; $13.036,70 ; $43.153,01 ;65,68;0,122244518;614;0,197364712;0,016;0,02
20;Femenino;Casado;4;3214,895091;17;10; $46.738,96 ;0,33;1298,31;141;9; $43.503,34 ;6;15;Otro;0,53; $81.290,11 ; $44.648,78 ;14,93;0,232329351;712;0,146448951;0,080;0,63
40;Femenino;Divorciado;5;4326,815745;28;8; $42.217,97 ;0,78;8839,97;77;14; $16.563,56 ;4;14;Otro;0,50; $89.300,66 ; $3.866,27 ;52,28;0,292494462;808;0,125436453;0,063;0,78
71;Otro;Casado;3;3119,719555;24;6; $21.228,67 ;0,50;9913,18;23;17; $17.437,91 ;3;16;Consumo;0,32; $93.346,34 ; $35.066,51 ;27,63;0,973701602;666;0,016958805;0,037;0,72
75;Femenino;Soltero;4;9421,812334;15;9; $24.283,25 ;0,50;8619,65;147;0; $8.908,73 ;3;13;Consumo;0,82; $82.043,27 ; $42.334,07 ;10,19;0,673780754;629;0,121263636;0,003;0,19
32;Otro;Divorciado;4;4735,691455;4;8; $38.426,01 ;0,27;8522,51;129;22; $31.622,04 ;3;15;Consumo;0,89; $45.805,14 ; $33.420,52 ;3,09;0,177017591;361;0,111232102;0,074;0,58
38;Femenino;Divorciado;5;2237,044649;22;4; $12.613,84 ;0,93;3774,14;74;21; $9.987,05 ;6;15;Otro;0,61; $89.848,48 ; $37.710,77 ;56,10;0,244306838;798;0,095181043;0,072;0,41
54;Femenino;Otro;0;9229,282507;2;9; $40.602,00 ;0,68;6170,76;31;19; $27.422,18 ;1;12;Hipotecario;0,28; $31.958,98 ; $38.942,48 ;75,49;0,436816792;712;0,001828563;0,029;0,33
25;Masculino;Otro;1;4128,772385;5;7; $41.104,77 ;0,71;5183,42;2;22; $10.612,37 ;7;12;Consumo;0,56; $33.498,07 ; $18.962,43 ;89,53;0,217814326;442;0,180195295;0,061;0,42
68;Femenino;Divorciado;5;8676,377882;24;6; $20.866,85 ;0,28;369,29;61;16; $6.096,50 ;4;15;Consumo;0,66; $70.034,78 ; $17.721,54 ;76,19;0,622150142;585;0,079619604;0,037;0,37
27;Otro;Soltero;4;2283,716609;18;2; $45.818,80 ;0,58;0,00;10;24; $17.182,95 ;4;15;Microcrédito;0,45; $7.155,33 ; $24.606,09 ;27,04;0,48112405;812;0,081143268;0,077;0,87
67;Masculino;Otro;0;4234,895839;10;10; $3.543,78 ;0,95;0,00;5;8; $30.476,84 ;1;16;Otro;0,63; $51.988,69 ; $2.866,98 ;73,09;0,769266919;948;0,185610118;0,084;0,27
59;Masculino;Divorciado;4;3209,545608;11;8; $40.504,80 ;0,04;0,00;4;6; $34.830,04 ;7;14;Hipotecario;0,65; $69.538,15 ; $34.368,31 ;3,59;0,514133389;948;0,155028905;0,084;0,39
61;Otro;Casado;3;1413,153519;32;8; $24.295,22 ;0,51;0,00;4;3; $11.039,44 ;6;13;Consumo;0,87; $71.980,12 ; $47.892,93 ;61,33;0,316675348;948;0,084299026;0,003;0,89
51;Femenino;Casado;5;8060,93112;7;4; $15.261,74 ;0,86;0,00;5;6; $21.336,25 ;1;16;Consumo;0,12; $73.188,77 ; $37.276,69 ;96,70;0,824972327;948;0,108257922;0,010;0,82
27;Masculino;Casado;2;2792,545611;6;1; $30.893,69 ;0,28;6955,64;127;1; $8.077,09 ;5;15;Microcrédito;0,86; $95.337,66 ; $8.198,97 ;62,22;0,928343524;780;0,09540333;0,059;0,73
39;Masculino;Divorciado;3;4526,652198;14;3; $15.962,67 ;0,36;7173,11;50;25; $11.170,32 ;4;15;Hipotecario;0,34; $99.446,32 ; $2.163,02 ;28,63;0,40773084;588;0,055922114;0,044;0,44
29;Otro;Soltero;2;3912,060202;36;3; $32.616,84 ;0,92;6825,25;129;19; $38.530,52 ;2;15;Hipotecario;0,83; $37.988,70 ; $25.428,39 ;33,51;0,154730612;620;0,10311452;0,082;0,46
37;Otro;Soltero;0;6418,953146;34;10; $45.792,42 ;0,08;3004,06;110;15; $24.599,73 ;2;15;Consumo;0,95; $95.723,77 ; $46.384,89 ;87,29;0,044491393;488;0,037549644;0,003;0,48
63;Otro;Casado;0;5871,445116;6;7; $28.453,95 ;0,51;3026,23;73;12; $12.735,20 ;2;15;Microcrédito;0,21; $58.416,61 ; $45.895,25 ;22,86;0,80679824;596;0,090152946;0,037;0,13
34;Masculino;Casado;0;9917,413594;12;7; $31.894,54 ;0,42;4761,10;30;19; $40.023,66 ;5;14;Microcrédito;0,73; $32.100,77 ; $3.979,05 ;73,37;0,255964146;383;0,007615069;0,087;0,29
63;Femenino;Otro;4;3284,119442;19;0; $20.803,50 ;0,16;484,82;4;16; $22.693,82 ;7;14;Hipotecario;0,55; $9.514,07 ; $20.122,26 ;37,09;0,664323178;321;0,107969504;0,073;0,63
71;Femenino;Divorciado;5;7617,429039;8;4; $39.830,51 ;0,45;4916,20;28;6; $9.327,54 ;3;12;Hipotecario;0,17; $15.702,09 ; $935,47 ;95,13;0,264193411;808;0,09405024;0,094;0,69
52;Otro;Casado;5;9798,473449;11;1; $43.113,81 ;0,17;5886,25;106;1; $9.089,85 ;3;17;Microcrédito;0,27; $13.498,74 ; $48.378,58 ;98,97;0,137600848;458;0,013072899;0,024;0,16
57;Otro;Casado;5;6022,416176;13;8; $18.370,86 ;0,86;2346,39;39;21; $48.463,83 ;7;13;Otro;0,11; $73.269,66 ; $41.500,94 ;48,32;0,175583624;479;0,01134789;0,091;0,80
63;Otro;Soltero;0;4534,373436;38;0; $24.396,93 ;0,69;9646,38;8;12; $26.593,04 ;3;12;Microcrédito;0,07; $27.381,23 ; $370,44 ;61,25;0,476913764;578;0,063060788;0,057;0,20
68;Otro;Divorciado;3;8422,203334;27;9; $44.817,59 ;0,12;0,00;8;6; $26.604,13 ;4;15;Otro;0,17; $97.688,26 ; $3.265,94 ;38,19;0,626237169;942;0,063343254;0,049;0,54
47;Femenino;Soltero;4;2011,460148;8;0; $23.191,14 ;0,12;0,00;17;23; $34.749,38 ;6;13;Otro;0,62; $37.244,92 ; $24.889,70 ;37,12;0,92508961;941;0,073266124;0,050;0,98
32;Masculino;Divorciado;1;5822,001137;31;4; $10.466,40 ;0,29;0,00;18;3; $39.615,93 ;7;16;Otro;0,72; $11.837,80 ; $20.566,15 ;95,84;0,993821205;940;0,023719055;0,043;0,42
41;Otro;Divorciado;0;4994,484264;35;6; $33.812,81 ;0,94;0,00;14;2; $34.925,54 ;2;12;Otro;0,64; $13.422,00 ; $42.174,86 ;62,04;0,257807747;935;0,143116858;0,049;0,08
66;Femenino;Divorciado;3;3465,614914;18;5; $36.706,49 ;0,93;0,00;13;16; $44.092,08 ;1;14;Consumo;0,67; $21.754,78 ; $4.453,30 ;98,45;0,786451033;929;0,10792343;0,040;0,17
40;Masculino;Divorciado;4;2416,217822;40;0; $32.634,71 ;0,18;0,00;15;12; $7.915,35 ;6;14;Microcrédito;0,09; $88.829,46 ; $34.982,61 ;32,98;0,254680616;949;0,116428427;0,010;0,19
60;Otro;Casado;5;8846,542663;33;5; $10.345,71 ;0,91;7978,86;156;23; $13.997,02 ;1;15;Consumo;0,28; $95.974,16 ; $1.818,00 ;62,50;0,4384739;433;0,180458369;0,084;0,03
24;Otro;Casado;2;6058,403707;11;3; $48.038,58 ;0,07;3498,52;126;3; $44.894,78 ;2;14;Otro;0,95; $18.190,08 ; $28.217,85 ;90,21;0,857100982;588;0,044809638;0,044;0,28
46;Otro;Otro;0;5956,207824;13;9; $344,86 ;0,88;9369,77;60;15; $18.341,61 ;7;15;Hipotecario;0,36; $96.690,89 ; $16.460,17 ;56,74;0,692752366;594;0,166817431;0,027;0,36
32;Femenino;Otro;5;6331,287571;9;6; $45.108,33 ;0,06;7131,97;90;7; $46.681,61 ;1;16;Microcrédito;0,16; $24.683,04 ; $41.063,09 ;80,33;0,336396228;566;0,160412642;0,021;0,28
40;Masculino;Otro;3;7550,315764;38;1; $4.482,14 ;0,95;4952,44;140;2; $17.029,11 ;7;16;Microcrédito;0,84; $57.712,99 ; $37.061,01 ;77,11;0,925457116;373;0,038546297;0,020;0,12
43;Femenino;Soltero;3;6750,327562;15;6; $41.854,74 ;0,16;8122,45;75;16; $32.624,23 ;1;15;Microcrédito;0,85; $11.595,00 ; $34.533,62 ;2,46;0,436615549;651;0,178002155;0,036;0,13
55;Otro;Soltero;0;6530,051484;33;1; $27.710,30 ;0,58;6549,33;105;20; $26.545,80 ;4;12;Microcrédito;0,38; $5.259,14 ; $31.198,03 ;25,06;0,378559148;827;0,003348257;0,067;0,87
63;Masculino;Otro;5;1471,751655;9;8; $30.170,85 ;0,71;3607,46;54;22; $28.565,76 ;2;13;Consumo;0,68; $44.726,51 ; $28.032,42 ;27,81;0,806299821;599;0,020075001;0,085;0,43
49;Femenino;Otro;5;6086,419777;1;0; $40.568,05 ;0,28;4719,32;26;12; $25.441,83 ;4;14;Hipotecario;0,48; $29.371,28 ; $13.014,14 ;69,07;0,746808576;769;0,083724954;0,020;0,10
24;Masculino;Otro;0;6286,072423;20;10; $13.148,73 ;0,03;5983,58;50;9; $27.010,41 ;3;16;Hipotecario;0,15; $39.908,58 ; $1.807,69 ;7,61;0,568171894;446;0,114599526;0,029;0,15
44;Femenino;Divorciado;2;6657,103676;7;7; $1.997,35 ;0,71;7262,00;37;4; $19.773,71 ;2;17;Otro;0,64; $87.847,94 ; $24.685,71 ;16,12;0,712907627;707;0,026843948;0,043;0,89
59;Femenino;Casado;3;6597,015805;32;1; $6.914,37 ;0,31;3560,00;41;1; $30.479,44 ;6;16;Microcrédito;0,82; $71.829,04 ; $41.692,38 ;50,07;0,318326105;304;0,045384169;0,049;0,91
22;Otro;Soltero;4;1740,430378;32;7; $5.269,49 ;0,86;0,00;9;9; $13.895,86 ;1;13;Microcrédito;0,43; $98.436,95 ; $23.034,51 ;38,31;0,451198136;950;0,058305761;0,076;0,84
23;Femenino;Casado;5;1698,783509;14;7; $8.770,29 ;0,47;0,00;18;3; $32.688,25 ;5;14;Hipotecario;0,45; $191,07 ; $35.369,12 ;49,29;0,932397243;938;0,054308896;0,054;0,55
33;Femenino;Casado;0;7183,852208;23;6; $48.059,00 ;0,99;0,00;20;23; $33.636,73 ;1;16;Otro;0,23; $49.366,64 ; $24.530,80 ;78,67;0,522546576;945;0,125020828;0,097;0,26
41;Femenino;Otro;0;8472,732331;17;3; $9.701,43 ;0,08;0,00;21;19; $28.166,33 ;6;13;Consumo;0,08; $36.088,79 ; $22.721,33 ;79,25;0,330219;929;0,132541491;0,042;0,80
49;Femenino;Casado;4;2313,188876;34;1; $16.609,04 ;0,02;0,00;20;10; $16.102,37 ;1;16;Microcrédito;0,34; $26.387,48 ; $16.389,24 ;22,27;0,742764254;935;0,093222995;0,017;0,07
38;Femenino;Otro;2;8051,770651;15;7; $34.615,03 ;0,58;0,00;18;1; $37.425,97 ;4;13;Microcrédito;0,23; $28.638,15 ; $1.875,20 ;12,13;0,791629076;945;0,160012796;0,079;0,08
72;Otro;Soltero;3;5378,050712;3;8; $34.673,32 ;0,61;1617,18;29;13; $42.505,44 ;5;15;Microcrédito;0,14; $61.992,63 ; $32.046,58 ;80,26;0,489533493;402;0,197663991;0,018;0,28
28;Masculino;Divorciado;2;9903,385949;38;5; $14.305,33 ;0,00;3313,98;121;3; $19.057,61 ;1;15;Hipotecario;0,57; $85.521,43 ; $29.623,11 ;10,33;0,735786133;817;0,129617108;0,048;0,49
53;Masculino;Divorciado;5;5491,944591;33;10; $14.955,96 ;0,74;9261,72;3;0; $22.620,93 ;2;13;Otro;0,68; $55.759,66 ; $6.973,51 ;69,22;0,367113164;428;0,101821832;0,027;0,86
61;Otro;Casado;1;6060,344816;27;10; $21.497,70 ;0,05;9250,39;2;13; $43.660,57 ;1;16;Consumo;0,33; $17.428,16 ; $17.469,73 ;39,21;0,334060622;581;0,05927575;0,056;0,71
63;Otro;Casado;1;4404,313185;35;9; $19.131,46 ;0,48;6364,98;120;13; $21.033,53 ;5;15;Hipotecario;0,91; $18.158,66 ; $32.355,27 ;92,42;0,276259405;313;0,171443631;0,097;0,42
36;Otro;Casado;3;5667,734776;18;4; $45.340,83 ;0,94;7929,10;37;22; $24.763,54 ;3;12;Hipotecario;0,24; $16.359,76 ; $32.321,80 ;5,38;0,994749992;734;0,17414024;0,019;0,54
42;Otro;Soltero;2;1668,55413;22;7; $26.738,06 ;0,06;5717,46;69;5; $25.681,88 ;5;17;Consumo;0,60; $72.303,59 ; $18.357,57 ;98,48;0,614459839;671;0,030809008;0,073;0,14
56;Femenino;Divorciado;1;5846,251098;7;3; $30.370,37 ;0,95;393,76;29;20; $2.938,95 ;6;15;Otro;0,67; $96.032,37 ; $17.471,30 ;80,29;0,391740752;417;0,169787617;0,035;0,51
71;Masculino;Soltero;3;9649,549007;18;8; $25.218,65 ;0,77;2876,57;128;22; $20.368,92 ;2;16;Hipotecario;0,79; $91.780,30 ; $18.429,34 ;28,25;0,478060469;378;0,082506731;0,066;0,11
43;Masculino;Casado;3;5750,291256;6;2; $25.220,54 ;0,85;4808,42;111;17; $23.553,87 ;5;16;Microcrédito;0,44; $42.512,19 ; $45.987,01 ;33,33;0,042838563;334;0,0322476;0,026;0,15
26;Otro;Divorciado;4;4934,435067;11;1; $21.182,59 ;0,22;4349,14;11;22; $28.289,52 ;5;12;Microcrédito;0,26; $50.523,41 ; $37.992,25 ;65,20;0,355043865;847;0,157142457;0,020;0,90
24;Femenino;Otro;4;1290,402969;1;2; $10.876,74 ;0,99;9324,70;73;1; $33.955,92 ;6;13;Microcrédito;0,56; $78.258,89 ; $7.210,79 ;8,56;0,429180457;441;0,124584736;0,068;0,26
51;Femenino;Soltero;0;1339,607626;17;0; $15.962,51 ;0,69;6456,81;19;3; $34.431,68 ;7;13;Hipotecario;0,44; $73.426,06 ; $16.724,07 ;94,05;0,57008417;458;0,150154514;0,009;0,75
65;Otro;Soltero;4;1426,134645;22;10; $12.081,01 ;0,29;8,29;72;16; $44.642,21 ;7;12;Otro;0,56; $46.026,52 ; $12.218,66 ;35,61;0,628109013;672;0,024618532;0,088;0,34
30;Masculino;Casado;2;2448,631321;10;7; $57,62 ;0,82;195,22;82;14; $33.635,82 ;7;12;Hipotecario;0,45; $59.951,23 ; $8.111,30 ;57,89;0,219741384;362;0,017914308;0,071;0,64
36;Otro;Otro;5;5221,87654;1;9; $11.190,86 ;0,96;0,00;12;20; $26.676,29 ;3;15;Microcrédito;0,95; $95.762,90 ; $48.646,54 ;75,37;0,845959543;924;0,185755145;0,032;0,21
73;Otro;Divorciado;1;8253,315774;24;2; $48.458,23 ;0,90;0,00;10;22; $16.240,38 ;5;13;Microcrédito;0,08; $67.780,37 ; $5.724,04 ;25,66;0,211155138;929;0,053799386;0,097;0,72
69;Masculino;Soltero;0;3525,377645;24;5; $21.620,14 ;0,13;0,00;5;15; $2.283,10 ;5;15;Microcrédito;0,33; $41.250,82 ; $3.532,45 ;89,49;0,761026652;918;0,121288558;0,001;0,78
64;Masculino;Casado;0;7793,055867;16;7; $48.165,36 ;0,06;0,00;4;11; $7.372,04 ;3;13;Otro;0,54; $41.542,05 ; $37.413,14 ;15,92;0,915211791;926;0,099411669;0,027;0,96
56;Otro;Otro;2;5696,432334;21;0; $12.791,01 ;0,82;0,00;3;7; $25.594,45 ;7;12;Otro;0,67; $10.335,68 ; $6.720,37 ;91,20;0,287146794;945;0,171408927;0,020;0,96
21;Otro;Soltero;1;3600,524739;12;3; $6.771,53 ;0,86;0,00;17;1; $26.035,27 ;2;13;Consumo;0,68; $88.451,74 ; $490,83 ;91,93;0,189062561;945;0,086703048;0,028;0,47
18;Femenino;Soltero;1;1156,394813;21;2; $28.129,60 ;0,05;1852,73;133;14; $6.645,92 ;7;17;Microcrédito;0,01; $98.716,06 ; $42.812,80 ;65,31;0,98313224;307;0,130209039;0,018;0,91
57;Femenino;Divorciado;5;7015,145769;24;1; $21.662,47 ;0,22;0,00;50;15; $13.550,56 ;5;12;Hipotecario;0,75; $59.165,45 ; $16.918,50 ;99,53;0,623918304;845;0,058633629;0,088;0,67
47;Otro;Otro;2;1602,783682;8;2; $43.144,71 ;0,70;7036,92;10;16; $9.060,80 ;6;13;Otro;0,27; $90.462,72 ; $24.535,53 ;66,23;0,953839256;327;0,091378121;0,088;0,66
47;Femenino;Divorciado;4;8527,477841;34;6; $45.773,85 ;0,10;0,00;27;2; $14.690,42 ;4;14;Consumo;0,91; $30.753,79 ; $28.599,77 ;14,75;0,166425675;895;0,022963112;0,097;0,65
69;Otro;Divorciado;4;2218,088402;23;10; $30.915,45 ;0,02;0,00;18;1; $8.474,15 ;2;15;Microcrédito;0,48; $67.597,20 ; $5.632,90 ;72,16;0,298313395;945;0,154703947;0,056;0,45
42;Otro;Divorciado;4;6902,902976;37;4; $42.046,53 ;0,91;0,00;7;10; $22.016,49 ;5;14;Hipotecario;0,07; $73.580,22 ; $4.228,59 ;54,40;0,408809039;927;0,18630192;0,001;0,51
33;Femenino;Divorciado;5;8541,529559;11;2; $14.412,76 ;0,05;0,00;4;0; $11.391,89 ;2;14;Microcrédito;0,35; $40.751,22 ; $43.354,93 ;97,88;0,04985787;912;0,02698892;0,094;0,72
41;Otro;Casado;3;3318,831965;14;5; $44.956,43 ;0,87;0,00;5;9; $4.821,79 ;3;15;Consumo;0,73; $83.079,14 ; $25.138,89 ;5,84;0,651865667;914;0,156036698;0,050;0,40
71;Otro;Divorciado;0;2223,957566;40;3; $7.055,16 ;0,12;0,00;3;18; $43.740,63 ;4;14;Microcrédito;0,49; $60.400,35 ; $24.644,47 ;14,17;0,222915646;928;0,015194861;0,066;0,22
28;Masculino;Casado;5;7871,395728;14;6; $7.095,84 ;0,40;0,00;12;25; $11.494,70 ;6;15;Consumo;0,76; $47.031,31 ; $37.432,38 ;52,78;0,156358635;937;0,173040877;0,052;0,41
65;Otro;Divorciado;5;2907,9661;35;4; $28.978,38 ;0,23;8025,65;454;0; $10.939,04 ;3;16;Consumo;0,27; $15.489,07 ; $8.649,48 ;68,45;0,720994951;364;0,052794007;0,006;0,60
37;Masculino;Casado;1;3411,726393;24;9; $49.751,04 ;0,78;150,44;88;14; $16.511,14 ;5;17;Hipotecario;0,42; $370,13 ; $1.702,18 ;37,94;0,724091192;850;0,102867762;0,073;0,47
57;Femenino;Divorciado;3;5786,480752;40;3; $26.673,99 ;0,58;0,00;4;17; $17.185,09 ;2;14;Hipotecario;0,74; $92.694,72 ; $29.278,89 ;35,92;0,263795843;912;0,120792568;0,069;0,57
20;Masculino;Casado;4;5267,051807;4;8; $6.425,53 ;0,19;0,00;5;3; $38.692,25 ;4;16;Otro;0,73; $94.909,74 ; $9.374,09 ;49,52;0,586641953;914;0,172275172;0,071;0,40
46;Otro;Casado;1;4360,992985;13;9; $8.855,97 ;0,42;0,00;3;22; $29.080,00 ;2;16;Hipotecario;0,21; $50.262,57 ; $9.624,02 ;89,01;0,786109381;928;0,067910256;0,023;0,01
53;Otro;Divorciado;3;7978,149357;16;1; $38.727,51 ;0,44;0,00;39;1; $8.943,79 ;6;16;Hipotecario;0,08; $22.643,75 ; $48.049,38 ;99,81;0,375771184;898;0,133084717;0,036;0,20
69;Femenino;Otro;0;6023,835731;1;10; $32.525,56 ;0,91;9478,69;28;9; $40.855,08 ;1;12;Microcrédito;0,53; $86.220,06 ; $8.112,96 ;96,11;0,156880026;349;0,064184643;0,050;0,97
61;Femenino;Casado;4;2397,12959;36;1; $27.808,70 ;0,46;1059,06;26;0; $46.176,43 ;4;16;Microcrédito;0,58; $36.349,06 ; $12.817,74 ;8,10;0,596952396;481;0,091301593;0,095;0,70
39;Masculino;Soltero;5;9904,766036;23;10; $37.275,36 ;0,93;1194,91;160;0; $13.371,53 ;1;14;Microcrédito;0,09; $48.998,56 ; $29.363,24 ;3,44;0,106353269;389;0,164287204;0,046;0,09
66;Femenino;Divorciado;3;3200,017873;10;1; $17.160,64 ;0,39;0,00;20;7; $37.820,21 ;5;13;Consumo;0,00; $94.723,66 ; $8.349,92 ;66,72;0,529910478;898;0,049025693;0,007;0,68
59;Otro;Soltero;4;2173,40661;32;4; $19.562,01 ;0,81;0,00;17;18; $11.012,59 ;7;13;Consumo;0,17; $55.759,25 ; $32.211,23 ;4,91;0,731996628;899;0,061553198;0,044;0,00
37;Otro;Divorciado;1;2914,130219;6;4; $17.609,48 ;0,77;0,00;16;7; $41.632,92 ;4;12;Consumo;0,62; $2.884,54 ; $9.776,20 ;96,66;0,200552315;900;0,021427876;0,046;0,26
28;Otro;Casado;5;4420,038235;14;4; $31.139,61 ;0,34;0,00;11;22; $15.798,70 ;3;14;Consumo;0,72; $90.848,28 ; $26.602,61 ;29,28;0,540592528;912;0,167017025;0,037;0,50
74;Femenino;Otro;4;4236,590519;25;3; $8.037,30 ;0,94;0,00;1;0; $38.563,82 ;7;16;Microcrédito;0,95; $13.424,55 ; $16.601,41 ;27,06;0,081197174;924;0,123857492;0,042;0,29
72;Masculino;Soltero;5;3723,958441;36;9; $12.321,78 ;0,50;4528,29;165;9; $6.912,10 ;7;13;Microcrédito;0,48; $29.734,91 ; $28.832,16 ;48,59;0,367354952;569;0,04395603;0,097;0,54
25;Femenino;Soltero;3;1399,597423;22;6; $47.383,45 ;0,32;0,00;36;15; $42.387,92 ;1;14;Hipotecario;0,94; $22.679,28 ; $28.687,31 ;20,63;0,542261095;948;0,167512898;0,002;0,64
63;Otro;Divorciado;0;9413,050175;10;2; $49.417,08 ;0,44;0,00;78;6; $41.239,89 ;7;13;Otro;0,39; $15.507,25 ; $13.875,92 ;22,89;0,446261465;918;0,079757762;0,093;0,50
38;Femenino;Soltero;1;6118,453269;24;7; $26.783,15 ;0,49;0,00;7;23; $42.840,60 ;4;15;Consumo;0,00; $9.461,15 ; $12.041,00 ;51,93;0,157515565;912;0,0804892;0,100;0,75
62;Otro;Casado;5;2987,224706;9;1; $2.265,38 ;0,84;0,00;28;5; $1.713,26 ;4;14;Hipotecario;0,02; $56.741,14 ; $45.182,93 ;36,60;0,348921455;900;0,040862636;0,019;0,56
19;Otro;Divorciado;1;8901,650578;33;9; $30.113,32 ;0,95;926,98;126;22; $2.858,38 ;1;13;Consumo;0,70; $86.504,90 ; $28.996,60 ;90,33;0,485952168;547;0,036478888;0,087;0,87
60;Masculino;Otro;1;5205,599257;27;4; $36.083,97 ;0,47;1820,92;133;21; $15.643,97 ;2;17;Microcrédito;0,96; $3.321,88 ; $24.258,81 ;24,16;0,027206411;567;0,066996261;0,058;0,12
30;Femenino;Otro;5;5881,148332;5;3; $29.151,14 ;0,37;4477,66;77;13; $17.007,83 ;3;13;Otro;0,36; $89.697,40 ; $37.932,28 ;36,58;0,049668527;636;0,159834794;0,085;0,81
63;Femenino;Otro;4;8059,583565;11;5; $26.323,67 ;0,23;7290,90;63;24; $4.663,86 ;2;17;Consumo;0,38; $84.669,55 ; $2.197,98 ;98,09;0,08121957;306;0,024535862;0,088;0,72
23;Femenino;Divorciado;4;6830,832452;18;6; $17.688,34 ;0,00;1899,62;87;9; $35.696,03 ;7;13;Consumo;0,49; $69.177,08 ; $31.581,65 ;15,25;0,17643612;327;0,028545874;0,053;0,97
74;Femenino;Otro;2;2304,038323;34;4; $4.003,09 ;0,71;1393,11;4;20; $2.234,13 ;2;16;Otro;0,93; $65.810,63 ; $31.227,49 ;19,52;0,763641326;435;0,134511553;0,086;0,92
25;Femenino;Casado;1;3894,736394;7;1; $6.419,64 ;0,70;2127,93;153;3; $41.378,96 ;7;14;Otro;0,01; $33.018,38 ; $38.666,01 ;52,81;0,607231592;566;0,084148935;0,071;0,12
61;Masculino;Casado;5;9559,500244;27;10; $18.293,77 ;0,01;1687,28;117;10; $26.060,14 ;5;17;Microcrédito;0,11; $15.121,31 ; $19.948,84 ;40,86;0,738111957;423;0,176291898;0,019;0,20
49;Masculino;Casado;5;2693,786419;1;8; $30.007,32 ;0,19;8530,35;33;11; $38.568,68 ;5;12;Hipotecario;0,65; $33.589,96 ; $10.579,99 ;2,18;0,852063091;521;0,094336631;0,023;0,66
75;Otro;Divorciado;1;7753,638236;12;10; $11.892,17 ;0,54;7400,16;99;11; $46.962,22 ;7;15;Microcrédito;0,23; $54.055,30 ; $32.141,24 ;42,54;0,99678929;367;0,12230981;0,092;0,62
53;Masculino;Otro;2;5132,426278;37;10; $907,30 ;0,16;5696,91;157;5; $27.556,09 ;5;16;Microcrédito;0,30; $28.499,27 ; $22.557,80 ;7,00;0,567211231;653;0,163544817;0,010;0,98
62;Otro;Divorciado;5;2272,28544;18;0; $15.493,65 ;0,25;8553,36;41;4; $47.497,95 ;5;15;Otro;0,86; $42.979,93 ; $27.945,38 ;88,92;0,068008311;836;0,191315269;0,024;0,39
31;Otro;Divorciado;2;2846,737684;30;6; $3.900,63 ;0,92;1482,79;61;22; $16.530,29 ;4;12;Microcrédito;0,65; $29.989,37 ; $37.337,36 ;86,14;0,160005576;498;0,007962239;0,091;0,97
70;Femenino;Casado;2;7077,641496;10;7; $12.545,62 ;0,36;3774,57;140;15; $15.052,89 ;2;16;Microcrédito;0,35; $42.510,08 ; $6.897,14 ;29,56;0,348628404;332;0,010098438;0,055;0,48
33;Otro;Otro;3;2242,271895;10;2; $7.043,75 ;0,99;3196,43;43;14; $48.450,65 ;7;17;Microcrédito;0,42; $68.539,02 ; $26.095,70 ;67,68;0,338947467;334;0,143594386;0,076;0,31
40;Femenino;Soltero;0;4739,893307;28;0; $18.505,74 ;0,73;299,32;14;25; $12.902,85 ;6;17;Hipotecario;0,49; $1.235,13 ; $6.313,04 ;10,17;0,484624216;307;0,045232047;0,057;0,84
50;Masculino;Divorciado;4;5061,223286;32;0; $7.018,27 ;0,15;3878,59;75;18; $40.187,00 ;5;17;Otro;0,15; $81.839,44 ; $29.210,88 ;1,49;0,862942702;366;0,032905452;0,056;0,60
57;Masculino;Divorciado;5;6606,519127;26;4; $28.399,83 ;0,59;7094,39;36;8; $15.465,31 ;3;16;Consumo;0,54; $11.245,33 ; $10.380,87 ;87,10;0,713606027;330;0,140016958;0,003;0,61
57;Femenino;Divorciado;1;3260,568677;24;0; $27.134,02 ;0,85;2481,59;117;0; $35.142,49 ;7;15;Hipotecario;0,63; $32.398,73 ; $26.014,09 ;73,16;0,698009529;610;0,073418944;0,055;0,64
27;Masculino;Divorciado;0;5177,381173;7;7; $8.184,65 ;0,73;6479,00;112;17; $38.297,92 ;4;14;Hipotecario;0,42; $65.470,99 ; $42.828,41 ;91,21;0,145617479;505;0,147351401;0,045;0,97
42;Otro;Divorciado;0;2489,583062;32;10; $47.251,64 ;0,46;1675,10;75;9; $14.412,78 ;3;13;Microcrédito;0,72; $62.513,31 ; $28.628,42 ;1,06;0,78437087;761;0,10109967;0,039;0,51
25;Femenino;Divorciado;0;8720,258081;27;2; $31.294,63 ;0,51;7723,93;27;16; $1.255,20 ;6;14;Consumo;0,93; $83.001,93 ; $33.814,28 ;4,00;0,586327891;530;0,125632964;0,002;0,37
35;Femenino;Otro;5;2408,967076;39;3; $3.242,26 ;0,56;0,00;33;25; $21.682,90 ;6;14;Otro;0,52; $852,12 ; $24.507,90 ;32,74;0,84054516;800;0,099388193;0,078;0,18
70;Otro;Otro;4;1794,984703;7;10; $9.045,91 ;0,20;0,00;77;19; $30.293,03 ;4;13;Consumo;0,44; $89.452,83 ; $47.818,74 ;38,65;0,213696905;812;0,191913429;0,002;0,93
26;Masculino;Soltero;0;9040,759947;15;7; $33.386,91 ;0,89;0,00;70;17; $22.666,20 ;1;17;Otro;0,71; $53.022,56 ; $6.789,94 ;61,77;0,647087071;724;0,0888327;0,055;0,34
24;Masculino;Soltero;5;3705,584575;9;10; $45.336,34 ;0,15;0,00;10;5; $17.784,47 ;3;12;Hipotecario;0,27; $32.697,70 ; $20.755,28 ;46,04;0,500994218;715;0,190614219;0,063;0,32
24;Femenino;Otro;1;7768,78004;14;9; $40.790,94 ;0,58;0,00;1;24; $26.315,67 ;1;13;Otro;0,32; $18.985,20 ; $28.453,35 ;7,66;0,866366862;928;0,032657203;0,040;0,88
75;Otro;Soltero;3;4614,459832;23;2; $22.123,72 ;0,48;0,00;159;10; $12.194,39 ;3;17;Consumo;0,13; $62.736,68 ; $31.459,33 ;48,36;0,056229451;800;0,014448135;0,063;0,41
27;Masculino;Soltero;1;5037,022955;39;6; $8.060,07 ;0,20;0,00;55;10; $15.181,58 ;4;15;Otro;0,90; $86.401,41 ; $16.221,14 ;89,75;0,165223489;714;0,127803933;0,072;0,98
41;Masculino;Soltero;4;2437,065822;27;4; $8.288,65 ;0,98;485,15;173;19; $2.098,66 ;4;13;Microcrédito;0,97; $65.749,40 ; $42.156,28 ;33,48;0,182816438;515;0,067638275;0,084;0,37
71;Otro;Casado;1;2300,642662;39;0; $23.947,29 ;0,32;6509,25;122;6; $26.889,96 ;1;15;Hipotecario;0,36; $88.215,42 ; $46.223,37 ;88,77;0,617776125;445;0,124865029;0,033;0,62
40;Otro;Soltero;1;2342,623528;1;4; $19.793,13 ;0,04;5018,98;154;13; $21.504,70 ;6;13;Otro;0,52; $8.178,62 ; $44.988,01 ;18,98;0,222811377;336;0,015156275;0,065;0,61
43;Femenino;Casado;4;5629,908339;17;10; $39.745,98 ;0,75;7863,79;78;21; $48.765,10 ;6;15;Otro;0,28; $1.402,83 ; $14.909,90 ;24,99;0,367123208;758;0,062507043;0,059;0,11
60;Masculino;Casado;3;5435,445756;10;1; $38.491,85 ;0,57;5470,27;167;23; $3.428,83 ;3;15;Consumo;0,16; $20.557,21 ; $27.097,58 ;85,82;0,654951321;493;0,030264682;0,025;0,68
50;Otro;Otro;2;6547,084917;1;10; $19.958,25 ;0,01;4441,27;136;21; $32.286,56 ;3;13;Microcrédito;0,85; $82.181,85 ; $28.023,31 ;86,89;0,579939571;303;0,143755742;0,075;0,00
74;Otro;Otro;5;5026,806016;18;8; $31.509,84 ;0,30;8377,97;50;24; $25.200,77 ;7;17;Otro;0,42; $32.054,18 ; $41.332,69 ;37,45;0,87737095;563;0,119606395;0,021;0,56
46;Otro;Otro;4;1501,090437;1;6; $20.633,46 ;0,86;6757,35;124;18; $1.230,61 ;5;15;Otro;0,87; $28.578,92 ; $1.211,64 ;57,79;0,907480407;615;0,186324765;0,058;0,54
68;Masculino;Otro;5;1048,566786;40;3; $18.269,54 ;0,23;516,62;166;5; $10.085,57 ;6;12;Otro;0,62; $14.507,31 ; $28.659,28 ;48,88;0,186885708;517;0,127471755;0,079;0,73
27;Otro;Otro;2;2996,50781;22;3; $31.042,74 ;0,06;1259,86;133;24; $32.078,29 ;2;12;Consumo;0,75; $43.488,88 ; $12.749,34 ;74,22;0,692796744;689;0,126142016;0,006;0,34
70;Otro;Divorciado;3;8658,669016;4;2; $47.797,90 ;0,71;8263,72;121;23; $26.405,14 ;5;14;Hipotecario;0,03; $87.884,23 ; $34.543,96 ;22,56;0,182262921;672;0,043512505;0,093;0,22
71;Masculino;Otro;0;3406,115855;5;9; $23.803,63 ;0,51;4014,29;134;18; $44.692,29 ;5;16;Otro;0,59; $81.554,07 ; $10.185,36 ;74,89;0,264466157;652;0,158385223;0,047;0,20
30;Femenino;Divorciado;5;6387,402459;16;3; $31.023,19 ;0,40;5050,78;20;25; $34.202,51 ;3;17;Microcrédito;0,04; $54.343,00 ; $8.924,60 ;82,49;0,478034177;688;0,123704333;0,079;0,41
60;Masculino;Soltero;3;6477,397275;26;0; $14.461,20 ;0,42;3371,34;7;1; $26.174,63 ;7;13;Microcrédito;0,94; $75.464,10 ; $44.548,50 ;9,95;0,363111523;451;0,13483749;0,049;0,05
28;Femenino;Casado;5;9929,425964;11;3; $20.378,39 ;0,91;6238,40;67;19; $16.053,90 ;2;14;Otro;0,45; $80.003,97 ; $23.087,38 ;27,59;0,359203343;387;0,046671433;0,059;0,74
42;Femenino;Casado;1;2720,709647;14;2; $22.243,86 ;0,90;5775,64;90;12; $20.472,08 ;2;13;Microcrédito;0,16; $20.638,66 ; $21.997,70 ;2,14;0,170716252;554;0,159124356;0,033;0,90
69;Masculino;Soltero;0;7780,515261;33;6; $14.176,68 ;0,22;0,00;171;11; $8.511,51 ;5;14;Consumo;0,57; $27.436,57 ; $29.369,58 ;59,62;0,516394103;830;0,119695933;0,047;0,85
43;Otro;Otro;5;3181,486034;13;9; $48.506,95 ;0,57;0,00;171;14; $19.610,64 ;3;12;Consumo;0,87; $62.554,11 ; $27.881,37 ;98,63;0,464217415;408;0,135811817;0,062;0,29
24;Masculino;Divorciado;4;3947,06998;1;6; $44.129,94 ;0,04;0,00;116;1; $14.247,35 ;5;14;Otro;0,06; $23.033,17 ; $31.154,98 ;84,54;0,27645139;327;0,10900846;0,095;0,63
42;Femenino;Divorciado;2;1031,819452;15;6; $40.442,53 ;0,54;0,00;57;22; $47.319,20 ;5;15;Hipotecario;0,96; $32.022,30 ; $30.901,23 ;59,15;0,308679476;306;0,079483043;0,076;0,18
40;Femenino;Otro;3;9976,817292;14;4; $35.411,32 ;0,11;0,00;96;21; $13.360,76 ;6;16;Microcrédito;0,86; $16.599,50 ; $7.351,53 ;34,34;0,309351142;360;0,077640074;0,001;0,76
43;Masculino;Casado;3;4942,535539;9;9; $9.010,08 ;0,76;0,00;121;5; $37.050,84 ;5;12;Microcrédito;0,52; $89.468,87 ; $14.883,54 ;64,64;0,785695067;661;0,126954235;0,086;0,82
49;Femenino;Soltero;0;9979,198704;23;10; $3.198,79 ;0,11;0,00;154;15; $4.316,44 ;6;15;Microcrédito;0,84; $77.846,47 ; $38.241,33 ;3,72;0,304534183;543;0,033700868;0,084;0,80
37;Masculino;Otro;3;2770,472522;26;5; $5.329,05 ;0,20;0,00;100;24; $19.169,64 ;6;14;Hipotecario;0,72; $5.803,65 ; $30.909,21 ;11,64;0,311102534;604;0,153781043;0,038;0,77
41;Masculino;Divorciado;3;2003,291162;2;10; $42.409,22 ;0,77;0,00;17;25; $11.658,16 ;1;12;Consumo;1,00; $62.651,62 ; $32.685,08 ;51,66;0,435991688;605;0,06416987;0,043;0,73
74;Femenino;Casado;2;3256,628055;33;4; $17.971,51 ;0,42;0,00;128;14; $44.070,10 ;2;17;Hipotecario;0,73; $79.382,20 ; $46.702,32 ;87,13;0,761245498;482;0,040703046;0,036;0,63
26;Femenino;Soltero;0;7124,289428;39;4; $39.250,03 ;0,55;0,00;150;8; $21.742,72 ;3;16;Otro;0,50; $46.941,98 ; $30.446,44 ;10,26;0,513027307;460;0,137667695;0,013;0,41
58;Femenino;Divorciado;4;6195,288671;29;9; $45.401,94 ;0,88;9125,83;71;18; $16.730,74 ;5;12;Consumo;0,88; $91.790,19 ; $36.569,01 ;96,71;0,764462213;575;0,117833636;0,016;0,41
54;Femenino;Otro;3;4747,125666;15;8; $31.671,24 ;0,73;2810,49;35;1; $21.217,94 ;3;16;Hipotecario;0,19; $44.146,54 ; $8.275,03 ;94,90;0,741347354;556;0,062117776;0,080;0,43
40;Otro;Casado;5;7562,631192;8;0; $30.755,81 ;0,75;2156,01;47;14; $8.663,40 ;4;17;Microcrédito;0,20; $453,34 ; $38.125,50 ;93,67;0,331661376;804;0,17676147;0,083;0,40
31;Masculino;Otro;2;6167,707597;12;4; $3.377,00 ;0,60;5524,20;7;7; $31.827,22 ;7;15;Hipotecario;0,06; $77.126,59 ; $39.133,60 ;75,86;0,580099256;371;0,074479679;0,016;0,73
63;Masculino;Casado;3;6198,716341;26;3; $12.074,69 ;0,10;3501,93;95;4; $38.700,43 ;1;17;Otro;0,81; $74.142,56 ; $10.099,66 ;2,15;0,923136778;571;0,051793828;0,061;0,63
23;Masculino;Otro;3;6309,992147;17;6; $20.538,91 ;0,83;9380,46;106;20; $45.188,20 ;2;14;Hipotecario;0,70; $44.011,62 ; $20.423,21 ;42,66;0,667342348;830;0,028472705;0,063;0,32
44;Masculino;Otro;3;3006,355061;8;0; $40.558,75 ;0,74;6295,57;105;6; $30.897,36 ;3;13;Microcrédito;0,04; $35.831,01 ; $28.552,49 ;14,91;0,510739948;837;0,098745699;0,020;0,34
18;Otro;Otro;2;1931,430688;34;8; $18.957,06 ;0,88;4369,80;161;17; $31.903,62 ;2;12;Consumo;0,92; $29.983,35 ; $24.365,14 ;43,07;0,171492614;775;0,066420508;0,057;0,45
43;Femenino;Casado;2;7628,554242;8;5; $22.347,51 ;0,08;2895,77;77;16; $33.441,14 ;4;15;Otro;0,98; $54.388,32 ; $30.768,57 ;53,90;0,25693667;767;0,089415684;0,080;0,30
59;Masculino;Casado;2;6511,633806;4;6; $28.525,39 ;0,83;366,63;43;19; $46.569,97 ;7;13;Consumo;0,82; $26.981,39 ; $13.530,68 ;74,10;0,473766138;637;0,09801693;0,056;0,46
66;Masculino;Casado;3;9560,911245;39;9; $6.560,62 ;0,27;5483,81;92;12; $49.620,07 ;3;16;Microcrédito;0,28; $39.355,16 ; $12.810,06 ;75,70;0,529653689;461;0,181306609;0,022;0,93
75;Otro;Soltero;5;9638,88279;27;6; $650,92 ;0,33;3203,74;12;25; $13.667,30 ;1;17;Hipotecario;0,45; $31.274,79 ; $39.173,01 ;91,26;0,559845085;445;0,046593509;0,003;0,06
34;Otro;Soltero;2;7703,524451;17;10; $33.883,49 ;0,89;0,00;119;13; $15.251,32 ;4;15;Hipotecario;0,38; $75.556,19 ; $27.336,83 ;29,33;0,160851947;666;0,040457953;0,069;0,14
46;Masculino;Divorciado;2;4913,471311;5;6; $41.757,78 ;0,19;0,00;132;19; $45.668,36 ;1;17;Hipotecario;0,06; $5.147,86 ; $8.324,02 ;55,57;0,11360311;342;0,070193306;0,056;0,63
43;Masculino;Soltero;1;2572,976236;39;8; $46.813,17 ;0,01;0,00;39;1; $19.292,05 ;1;14;Consumo;0,60; $82.336,89 ; $48.789,11 ;19,53;0,74247459;302;0,110163157;0,093;0,16
44;Femenino;Soltero;3;4917,59262;21;3; $2.922,53 ;0,71;0,00;34;20; $36.453,77 ;7;13;Hipotecario;0,33; $91.223,13 ; $24.423,21 ;77,64;0,225295417;520;0,02710298;0,031;0,72
38;Otro;Divorciado;5;7862,12369;25;9; $33.401,29 ;0,04;0,00;157;5; $42.158,64 ;4;16;Hipotecario;0,11; $72.345,30 ; $8.244,80 ;59,09;0,18534865;608;0,079359275;0,046;0,15
24;Masculino;Soltero;3;9271,263799;37;2; $19.292,83 ;0,82;0,00;53;10; $6.717,70 ;3;16;Consumo;0,00; $14.422,63 ; $10.676,41 ;54,32;0,310674677;754;0,154624209;0,024;0,48
70;Masculino;Otro;1;9160,278246;35;8; $28.806,45 ;0,90;0,00;178;10; $42.382,73 ;5;12;Hipotecario;0,40; $45.767,50 ; $35.492,52 ;17,29;0,901993251;427;0,052489412;0,081;0,28
43;Otro;Otro;5;8339,615461;14;10; $6.940,71 ;0,17;0,00;131;22; $33.154,83 ;7;12;Otro;0,33; $27.497,68 ; $5.061,30 ;90,62;0,510393287;510;0,197287922;0,012;0,96
58;Masculino;Casado;3;2797,776484;26;10; $12.791,69 ;0,21;8471,15;167;10; $1.454,75 ;3;12;Hipotecario;0,52; $33.573,58 ; $7.072,57 ;97,95;0,019030069;580;0,197034564;0,030;0,72
37;Femenino;Divorciado;4;1446,630268;7;6; $15.653,04 ;0,80;8216,39;135;6; $6.287,83 ;5;17;Hipotecario;0,38; $17.355,34 ; $20.475,34 ;98,96;0,012256436;606;0,067066885;0,013;0,43
23;Femenino;Divorciado;3;5310,536731;21;0; $35.755,89 ;0,89;8976,00;58;22; $21.931,19 ;3;13;Consumo;0,37; $44.420,61 ; $31.878,98 ;3,40;0,132970178;484;0,126234521;0,082;0,38
67;Otro;Casado;0;6313,54032;24;3; $9.433,98 ;0,24;3742,97;68;6; $41.583,73 ;6;15;Consumo;0,02; $74.614,65 ; $1.199,60 ;14,66;0,90887418;606;0,135926134;0,020;0,72
47;Masculino;Casado;4;1869,582122;13;10; $7.109,06 ;0,43;3063,01;6;6; $17.428,10 ;3;15;Consumo;0,98; $41.009,87 ; $7.437,32 ;69,46;0,367551269;306;0,171602279;0,059;0,25
48;Otro;Soltero;2;9558,012114;7;8; $28.705,58 ;0,40;9189,64;161;18; $15.439,62 ;3;15;Otro;0,55; $63.555,89 ; $12.875,14 ;11,05;0,625943252;772;0,188634299;0,089;0,70
46;Masculino;Otro;2;2464,688248;2;0; $2.457,51 ;0,67;3211,51;94;21; $45.431,76 ;3;14;Microcrédito;0,04; $58.123,81 ; $36.126,12 ;2,29;0,241745898;634;0,140984711;0,019;0,37
34;Otro;Divorciado;0;9293,556364;18;4; $21.750,38 ;0,31;9253,17;62;9; $20.927,01 ;1;16;Microcrédito;0,51; $68.070,90 ; $21.570,35 ;1,42;0,726513081;606;0,070064926;0,076;0,78
54;Otro;Divorciado;0;2149,975655;30;10; $24.135,51 ;0,79;6030,38;146;15; $28.815,03 ;4;15;Microcrédito;0,46; $20.480,06 ; $5.116,02 ;31,05;0,91100105;729;0,164583591;0,042;0,67
74;Masculino;Soltero;2;6964,656315;5;0; $23.240,85 ;0,34;5811,65;143;10; $13.171,55 ;5;13;Consumo;0,51; $83.257,26 ; $19.186,22 ;61,46;0,684366635;509;0,06971541;0,061;0,66
37;Otro;Otro;3;8056,377347;25;6; $24.310,10 ;0,26;7356,79;141;21; $7.579,03 ;1;16;Consumo;0,88; $72.058,51 ; $25.408,44 ;93,11;0,475908184;389;0,19594308;0,087;0,29
52;Otro;Divorciado;3;7881,518456;28;4; $36.879,24 ;0,00;0,00;96;0; $10.655,82 ;2;17;Otro;0,05; $21.197,62 ; $25.979,04 ;23,62;0,585117819;486;0,148254611;0,096;0,42
42;Otro;Soltero;2;7053,132795;38;0; $49.549,32 ;0,38;0,00;20;11; $26.975,60 ;3;12;Microcrédito;0,20; $15.906,73 ; $45.504,56 ;86,90;0,638631947;501;0,104906766;0,022;0,87
63;Otro;Soltero;4;2040,993121;20;7; $42.020,42 ;0,60;0,00;160;0; $47.826,13 ;1;15;Otro;0,05; $54.224,74 ; $8.625,75 ;86,58;0,005622189;351;0,034092164;0,095;0,71
50;Otro;Otro;0;8661,713388;3;0; $5.596,32 ;0,34;0,00;24;19; $21.578,45 ;7;13;Hipotecario;0,44; $6.886,71 ; $20.598,62 ;8,08;0,760331578;589;0,164422927;0,041;0,31
19;Femenino;Casado;4;6561,654354;9;3; $43.071,09 ;0,18;0,00;149;4; $42.128,32 ;1;12;Hipotecario;0,12; $35.376,37 ; $20.809,27 ;2,34;0,518490449;452;0,086254412;0,082;0,60
21;Otro;Soltero;0;8527,704004;15;6; $28.392,56 ;1,00;0,00;100;16; $4.905,25 ;7;15;Microcrédito;0,97; $60.171,07 ; $22.881,67 ;7,00;0,56075274;453;0,181582321;0,022;0,38
27;Femenino;Soltero;0;2529,354023;15;2; $34.163,95 ;0,27;0,00;100;0; $37.761,26 ;1;12;Otro;0,12; $16.607,54 ; $1.801,69 ;57,87;0,479685331;454;0,058015038;0,012;0,60
50;Otro;Soltero;3;1092,530981;34;6; $39.480,27 ;0,55;0,00;132;18; $14.037,45 ;4;12;Hipotecario;0,03; $66.103,52 ; $45.993,45 ;52,32;0,831726441;820;0,182242981;0,065;0,63
22;Femenino;Otro;5;3911,227581;38;4; $20.126,28 ;0,14;4646,92;70;1; $26.937,84 ;4;15;Microcrédito;0,49; $47.236,99 ; $37.641,97 ;65,86;0,03511194;352;0,033312576;0,092;0,76
70;Masculino;Soltero;2;3427,14452;29;5; $42.663,86 ;0,68;60,68;146;24; $3.208,50 ;3;17;Microcrédito;0,21; $84.741,74 ; $48.956,99 ;17,03;0,669928675;331;0,199470559;0,068;0,20
42;Masculino;Soltero;3;8427,352205;20;5; $9.480,28 ;0,45;9408,11;153;0; $38.692,57 ;4;15;Otro;0,43; $29.191,43 ; $44.264,62 ;7,35;0,78479077;848;0,132602289;0,042;0,78
25;Otro;Soltero;2;9402,955633;26;2; $24.786,08 ;0,37;4334,58;143;8; $45.615,84 ;2;14;Otro;0,12; $76.610,39 ; $49.674,39 ;65,75;0,757478252;544;0,122608288;0,052;0,22
72;Masculino;Divorciado;0;2150,123353;37;6; $6.002,22 ;0,39;8332,01;75;1; $37.550,19 ;3;15;Consumo;0,28; $93.935,12 ; $18.765,77 ;1,52;0,070040366;682;0,088959722;0,040;0,50
42;Femenino;Divorciado;1;9220,038456;1;9; $11.433,17 ;0,40;5152,41;30;24; $5.773,19 ;3;14;Hipotecario;0,74; $58.698,16 ; $17.346,44 ;16,26;0,068638572;371;0,104764789;0,036;0,68
38;Masculino;Otro;5;6447,10553;35;2; $45.274,89 ;0,83;4800,38;130;9; $47.333,92 ;6;15;Hipotecario;0,28; $97.579,15 ; $38.906,36 ;60,76;0,364095291;376;0,196995721;0,059;0,35
62;Femenino;Soltero;2;4602,566498;9;4; $23.688,74 ;0,92;1446,61;17;12; $9.747,88 ;1;12;Otro;0,19; $75.540,56 ; $7.284,07 ;5,37;0,130014681;715;0,120191395;0,003;0,04
35;Femenino;Otro;2;6992,157731;36;3; $27.023,84 ;0,76;579,46;10;19; $40.315,08 ;6;14;Microcrédito;0,09; $97.866,77 ; $25.154,33 ;6,45;0,055542984;396;0,000446884;0,053;0,91
59;Masculino;Soltero;5;7908,393495;3;2; $48.689,77 ;0,37;6500,39;4;1; $33.892,14 ;3;12;Hipotecario;0,68; $16.342,02 ; $37.126,33 ;33,35;0,012993448;607;0,171538257;0,041;0,09
48;Masculino;Divorciado;0;5697,061301;34;3; $48.621,45 ;0,69;0,00;117;25; $21.497,76 ;5;12;Hipotecario;0,25; $78.847,66 ; $10.069,88 ;13,42;0,305183104;805;0,14812555;0,031;0,52
23;Femenino;Otro;0;4550,567654;6;9; $34.267,97 ;0,51;0,00;125;19; $37.921,89 ;5;17;Otro;0,26; $12.701,62 ; $33.421,74 ;11,04;0,400028676;350;0,167540599;0,088;0,83
24;Otro;Otro;0;9692,081502;10;7; $38.997,96 ;0,02;0,00;33;22; $21.331,34 ;3;17;Microcrédito;0,15; $25.781,48 ; $22.189,31 ;29,44;0,846893121;317;0,041146305;0,075;0,35
58;Masculino;Otro;0;1440,869866;1;3; $1.022,66 ;0,65;0,00;143;19; $30.107,55 ;6;12;Otro;0,44; $11.209,00 ; $45.032,01 ;86,14;0,923893241;338;0,12439983;0,023;0,55
65;Femenino;Casado;1;2379,774445;40;0; $36.423,29 ;0,62;7342,94;142;12; $16.673,45 ;3;13;Microcrédito;0,67; $74.680,41 ; $14.670,63 ;72,68;0,483855495;767;0,07747026;0,031;0,17
34;Masculino;Casado;1;7271,55159;12;9; $46.134,92 ;0,33;481,20;114;12; $32.677,58 ;1;15;Otro;0,80; $51.783,82 ; $27.985,09 ;36,89;0,163937565;773;0,135981401;0,097;0,27
70;Femenino;Otro;5;7550,072859;31;8; $22.022,89 ;0,03;7250,76;172;12; $18.543,30 ;6;13;Microcrédito;0,93; $78.627,15 ; $1.427,93 ;8,05;0,372695812;428;0,027624165;0,029;0,61
62;Otro;Otro;0;1975,414739;10;8; $35.278,74 ;0,97;138,07;26;8; $43.720,45 ;4;14;Hipotecario;0,55; $74.584,46 ; $28.194,11 ;48,49;0,623643173;513;0,167114008;0,074;0,63
45;Femenino;Divorciado;1;5181,11691;22;4; $40.836,24 ;0,99;6109,57;11;11; $20.916,10 ;4;12;Hipotecario;0,66; $87.033,54 ; $28.585,25 ;17,53;0,905339861;830;0,143700624;0,040;0,65
70;Femenino;Divorciado;3;6779,129826;39;10; $24.330,47 ;0,08;2225,64;169;2; $23.335,67 ;4;13;Consumo;0,03; $81.763,59 ; $46.747,82 ;91,63;0,670377628;311;0,011958162;0,041;0,91
57;Otro;Casado;0;4573,998441;39;4; $42.149,97 ;0,54;6204,91;152;5; $44.576,32 ;3;16;Microcrédito;0,91; $80.400,90 ; $33.691,21 ;6,59;0,919281777;540;0,182471551;0,022;0,13
70;Masculino;Otro;2;9913,872313;5;10; $24.643,69 ;0,98;5643,79;64;12; $32.952,06 ;7;17;Otro;0,30; $93.105,59 ; $28.217,17 ;96,84;0,594263582;833;0,180991258;0,094;0,79
24;Femenino;Divorciado;2;7108,379289;4;6; $883,46 ;0,11;5074,70;72;22; $1.487,38 ;1;14;Consumo;0,32; $52.279,71 ; $8.492,72 ;37,04;0,375457502;703;0,137523774;0,056;0,09
37;Otro;Otro;4;3837,866118;28;4; $22.023,26 ;0,36;2573,40;173;15; $33.122,39 ;3;14;Hipotecario;0,76; $62.899,80 ; $37.622,74 ;47,89;0,388119899;679;0,035400112;0,090;0,61
35;Otro;Otro;5;2383,92334;40;7; $23.896,23 ;0,50;3589,08;18;2; $12.828,00 ;4;12;Consumo;0,09; $18.529,23 ; $15.204,49 ;19,91;0,228770364;766;0,036184425;0,046;0,57
46;Masculino;Divorciado;5;3711,265622;40;5; $30.062,03 ;0,91;0,00;128;21; $48.311,89 ;4;17;Consumo;0,97; $44.899,87 ; $34.299,53 ;63,06;0,268240193;314;0,117678986;0,038;0,63
34;Otro;Soltero;1;1850,639776;36;0; $22.162,34 ;0,57;0,00;100;13; $22.910,05 ;6;15;Otro;0,83; $86.349,28 ; $6.110,72 ;93,20;0,687128247;350;0,189357609;0,038;0,21
50;Masculino;Casado;3;1241,879562;0;5; $15.358,87 ;0,02;0,00;159;22; $33.762,92 ;2;14;Otro;0,13; $25.421,74 ; $24.113,21 ;90,47;0,262137999;571;0,191852475;0,073;0,47
19;Masculino;Otro;3;3794,349739;9;1; $33.649,46 ;0,86;0,00;132;13; $5.885,34 ;6;14;Microcrédito;0,12; $82.682,13 ; $4.340,72 ;55,90;0,682376479;824;0,086994633;0,068;0,91
66;Otro;Casado;1;7681,949818;1;3; $30.455,71 ;0,83;0,00;113;21; $11.129,54 ;4;12;Consumo;0,41; $60.027,86 ; $14.819,51 ;43,08;0,506962484;604;0,118424706;0,087;0,16
19;Masculino;Casado;0;9640,829911;34;10; $48.683,93 ;0,88;0,00;28;13; $47.417,07 ;7;12;Otro;0,11; $16.914,29 ; $6.474,89 ;97,19;0,883033368;699;0,114185713;0,003;0,13
30;Masculino;Casado;1;4742,223965;38;5; $8.791,74 ;0,81;0,00;85;16; $28.833,57 ;2;13;Microcrédito;0,47; $47.434,37 ; $18.392,60 ;14,83;0,903137535;678;0,049885019;0,019;0,75
41;Otro;Otro;4;5700,118665;12;4; $48.661,32 ;0,00;0,00;78;8; $20.968,12 ;2;17;Consumo;0,78; $79.267,40 ; $23.556,23 ;35,97;0,135570367;351;0,096072913;0,060;0,06
66;Masculino;Soltero;1;1607,677559;27;10; $28.965,86 ;0,10;6907,34;28;18; $29.409,98 ;1;15;Consumo;0,23; $37.254,16 ; $1.283,80 ;83,99;0,213741105;597;0,068052815;0,062;0,45
20;Masculino;Soltero;4;6668,576249;14;2; $36.906,26 ;0,83;9999,41;150;15; $7.468,72 ;2;17;Consumo;0,39; $25.634,85 ; $21.836,38 ;77,36;0,495201517;670;0,082914308;0,082;0,47
35;Masculino;Casado;5;4180,724085;5;0; $43.290,89 ;0,22;9488,69;52;20; $25.400,41 ;2;16;Consumo;0,08; $24.919,57 ; $44.972,77 ;6,37;0,451237908;329;0,095794022;0,048;0,08
19;Femenino;Casado;0;4822,431869;14;9; $32.374,31 ;0,03;9524,49;114;21; $10.128,70 ;4;17;Microcrédito;0,19; $32.024,82 ; $11.307,19 ;44,58;0,67816868;769;0,106453983;0,081;0,68
54;Femenino;Otro;2;9673,919116;33;3; $34.734,81 ;0,58;6841,91;87;22; $12.784,37 ;2;15;Microcrédito;0,97; $15.724,03 ; $2.767,19 ;40,31;0,539537323;795;0,031125511;0,018;0,27
29;Femenino;Soltero;5;7128,986382;34;9; $49.795,27 ;0,76;7361,47;102;20; $40.616,68 ;7;17;Otro;0,68; $37.587,88 ; $15.747,60 ;29,03;0,203995226;498;0,030275061;0,099;0,56
74;Femenino;Otro;3;7466,17496;9;3; $42.468,67 ;0,87;9568,06;110;3; $34.249,23 ;1;13;Otro;0,93; $16.281,68 ; $13.868,03 ;34,38;0,785648635;617;0,098029286;0,098;0,35
30;Otro;Divorciado;0;2535,667888;11;9; $38.291,11 ;0,06;2072,60;19;20; $48.490,27 ;2;13;Hipotecario;0,59; $95.600,81 ; $23.667,35 ;93,22;0,096896727;742;0,175117634;0,026;0,45
59;Otro;Soltero;0;2832,481802;7;7; $6.883,27 ;0,22;6747,83;88;11; $7.783,69 ;6;14;Hipotecario;0,08; $92.906,06 ; $17.778,40 ;30,06;0,408529958;767;0,093482732;0,054;0,76
23;Femenino;Divorciado;3;8888,947407;7;5; $4.759,45 ;0,41;976,81;29;2; $23.077,02 ;4;17;Hipotecario;0,85; $45.914,08 ; $33.531,57 ;91,09;0,029094972;374;0,148193361;0,016;0,65
59;Masculino;Divorciado;4;8537,70273;40;10; $26.092,41 ;0,41;4987,07;77;13; $24.988,93 ;5;13;Otro;0,03; $59.894,52 ; $44.300,02 ;0,29;0,738171139;670;0,082695367;0,035;0,87
59;Otro;Casado;1;7485,643382;3;7; $9.623,05 ;0,58;7580,51;121;21; $27.588,23 ;7;16;Otro;0,81; $43.107,24 ; $20.785,65 ;29,74;0,48146751;331;0,106283101;0,063;0,22
55;Masculino;Divorciado;0;3529,57034;14;9; $36.573,26 ;0,94;120,19;103;21; $23.360,33 ;7;12;Hipotecario;0,39; $33.357,17 ; $26.153,31 ;27,86;0,067231394;402;0,130184043;0,076;0,14
65;Otro;Divorciado;0;2889,918071;16;5; $24.729,35 ;0,99;0,00;48;12; $9.400,00 ;4;13;Hipotecario;0,14; $66.996,32 ; $16.908,78 ;9,51;0,484161587;840;0,165554822;0,005;0,59
33;Otro;Otro;1;5447,352876;26;3; $7.137,96 ;0,13;0,00;54;13; $36.027,17 ;4;15;Hipotecario;0,67; $5.714,61 ; $41.373,64 ;89,73;0,763744552;725;0,094386613;0,089;0,73
52;Otro;Divorciado;3;5695,775274;33;10; $42.060,85 ;0,27;0,00;2;17; $45.395,04 ;5;15;Hipotecario;0,62; $8.415,98 ; $8.197,44 ;57,39;0,326428094;520;0,022165136;0,089;0,20
53;Masculino;Soltero;2;2978,486306;26;6; $47.065,20 ;0,83;0,00;53;9; $15.224,18 ;7;17;Microcrédito;0,45; $57.646,72 ; $19.214,52 ;31,96;0,538387042;584;0,063808424;0,079;0,60
44;Femenino;Divorciado;2;7867,960321;6;7; $13.898,37 ;0,99;0,00;127;19; $38.487,68 ;5;16;Otro;0,81; $10.935,43 ; $33.931,38 ;96,07;0,469637612;844;0,172213547;0,015;0,21
44;Otro;Soltero;5;1220,676878;26;4; $7.518,96 ;0,67;0,00;13;23; $46.548,68 ;2;14;Consumo;0,87; $30.948,87 ; $47.633,78 ;26,79;0,136617021;811;0,063406718;0,087;0,25
52;Otro;Divorciado;0;7403,373506;12;9; $35.333,67 ;0,08;0,00;175;9; $1.486,22 ;2;13;Hipotecario;0,99; $4.478,71 ; $11.527,16 ;86,42;0,062159328;814;0,116789443;0,067;0,54
40;Masculino;Soltero;1;8567,988392;7;3; $28.266,93 ;0,13;0,00;144;17; $25.523,59 ;1;17;Microcrédito;0,40; $46.577,63 ; $34.343,50 ;25,27;0,009893602;827;0,057851196;0,000;0,23
20;Masculino;Soltero;4;9377,389649;24;6; $4.525,12 ;0,34;0,00;160;24; $13.710,02 ;4;16;Microcrédito;0,35; $60.409,19 ; $4.297,99 ;1,76;0,78492964;500;0,138519113;0,037;0,66
48;Masculino;Casado;2;6958,824825;25;8; $28.017,02 ;0,25;0,00;93;15; $23.644,72 ;3;17;Otro;0,12; $41.794,68 ; $35.395,58 ;19,09;0,357430069;776;0,057675208;0,054;0,11
;;;;;;;;;;;;;;;;;;;;;;;;
